Hash;Repeats
nowplaying;5300
Hiring;2920
areacode;2407
tnc;2407
job;2157
Job;2154
london;2068
CareerArc;2039
Jobs;1933
London;1831
photo;1270
weather;1165
Endomondo;1008
UKWeather;1000
endorphins;888
Essex;879
hiring;821
Weather;777
Sales;750
stalbans;688
eustorm;661
harpenden;607
love;574
Marée;560
spring;553
Dublin;546
iwn;525
ukweather;506
beepbeep;485
dublin;484
Engineering;468
uk;440
Manchester;438
Kent;431
Pharmaceutical;376
IT;376
art;367
sunset;362
Repost;357
sun;352
nofilter;350
kent;348
food;334
selfie;311
photography;307
sunshine;298
cumbria;290
beautiful;289
Vocab;287
Birmingham;281
travel;273
Sussex;269
nature;264
Derbyshire;263
Suffolk;260
business;259
ireland;259
Folkestone;257
brampton;254
family;253
music;251
Cheshire;248
coffee;247
friends;241
fitness;241
Clacton;239
Bristol;238
connemara;238
sky;237
Stigmabase;232
wedding;229
beach;229
scotland;228
Gloucestershire;225
fashion;223
Lincs;221
Wallsend;220
ukjobs;220
happy;217
BusinessMgmt;215
Retail;214
o2jobs;213
marketing;212
foodporn;208
england;207
Devon;207
Politics;207
Cork;206
Transportation;205
flowers;198
COYS;196
Cornwall;195
Norfolk;194
Sheffield;193
architecture;189
Hampshire;186
clouds;185
vscocam;185
weekend;184
Warwickshire;182